Louis Agnello,izzy1_testing@outlook.com
Brendan Dunn,izzy1_testing@outlook.com
Christina Haley,izzy1_testing@outlook.com
Virgil Miller,izzy1_testing@outlook.com
Ed Pagano,izzy1_testing@outlook.com
Zach Rudisill,izzy1_testing@outlook.com
Arshi Siddiqui,izzy1_testing@outlook.com
Elinor Hiller,izzy1_testing@outlook.com
Michael Park,izzy1_testing@outlook.com
Earl Pomeroy,izzy1_testing@outlook.com
Bob Siggins,izzy1_testing@outlook.com
Timothy P Trysla,izzy1_testing@outlook.com
Alexandra Minkovich,izzy1_testing@outlook.com
Joshua Odintz,izzy1_testing@outlook.com
Tiffani Williams,izzy1_testing@outlook.com
David Bockorny,izzy1_testing@outlook.com
Blair Larkins,izzy1_testing@outlook.com
Gavin Proffitt,izzy1_testing@outlook.com
Joseph Rubin,izzy1_testing@outlook.com
Scott B Styles,izzy1_testing@outlook.com
David Jory,izzy1_testing@outlook.com
Brian Sutter,izzy1_testing@outlook.com
Thomas Wharton,izzy1_testing@outlook.com
Emily Wilkinson,izzy1_testing@outlook.com
Elizabeth Brooks,izzy1_testing@outlook.com
Glen Chambers,izzy1_testing@outlook.com
Rosalyn Kumar,izzy1_testing@outlook.com
Joy A McGlaun,izzy1_testing@outlook.com
Shannon Penberthy,izzy1_testing@outlook.com
Amy Rosenbaum,izzy1_testing@outlook.com
Sarah Schmidt,izzy1_testing@outlook.com
Melissa Schulman,izzy1_testing@outlook.com
Oscar T Ramirez,izzy1_testing@outlook.com
Dana J Thompson,izzy1_testing@outlook.com
Aaron Trujillo,izzy1_testing@outlook.com
Lori Denham,izzy1_testing@outlook.com
Adam Hechavarria,izzy1_testing@outlook.com
MJ Kenny,izzy1_testing@outlook.com
Lisa Kountoupes,izzy1_testing@outlook.com
Randi Reid,izzy1_testing@outlook.com
Maura Keefe,izzy1_testing@outlook.com
Brian Greer,izzy1_testing@outlook.com
Matthew Johnson,izzy1_testing@outlook.com
Izzy Klein,izzy1_testing@outlook.com
Katie Weider,izzy1_testing@outlook.com
Rodney Whitlock,izzy1_testing@outlook.com
Leonard Jr Bickwit,izzy1_testing@outlook.com
Marc J Gerson,izzy1_testing@outlook.com
