Louis Agnello,testing@outlook.com
Brendan Dunn,testing@outlook.com
Christina Haley,testing@outlook.com
Virgil Miller,testing@outlook.com
Ed Pagano,testing@outlook.com
Zach Rudisill,testing@outlook.com
Arshi Siddiqui,testing@outlook.com
Elinor Hiller,testing@outlook.com
Michael Park,testing@outlook.com
Earl Pomeroy,testing@outlook.com
Bob Siggins,testing@outlook.com
Timothy P Trysla,testing@outlook.com
Alexandra Minkovich,testing@outlook.com
Joshua Odintz,testing@outlook.com
Tiffani Williams,testing@outlook.com
David Bockorny,testing@outlook.com
Blair Larkins,testing@outlook.com
Gavin Proffitt,testing@outlook.com
Joseph Rubin,testing@outlook.com
Scott B Styles,testing@outlook.com
David Jory,testing@outlook.com
Brian Sutter,testing@outlook.com
Thomas Wharton,testing@outlook.com
Emily Wilkinson,testing@outlook.com
Elizabeth Brooks,testing@outlook.com
Glen Chambers,testing@outlook.com
Rosalyn Kumar,testing@outlook.com
Joy A McGlaun,testing@outlook.com
Shannon Penberthy,testing@outlook.com
Amy Rosenbaum,testing@outlook.com
Sarah Schmidt,testing@outlook.com
Melissa Schulman,testing@outlook.com
Oscar T Ramirez,testing@outlook.com
Dana J Thompson,testing@outlook.com
Aaron Trujillo,testing@outlook.com
Lori Denham,testing@outlook.com
Adam Hechavarria,testing@outlook.com
MJ Kenny,testing@outlook.com
Lisa Kountoupes,testing@outlook.com
Randi Reid,testing@outlook.com
Maura Keefe,testing@outlook.com
Brian Greer,testing@outlook.com
Matthew Johnson,testing@outlook.com
Izzy Klein,testing@outlook.com
Katie Weider,testing@outlook.com
Rodney Whitlock,testing@outlook.com
Leonard Jr Bickwit,testing@outlook.com
Marc J Gerson,testing@outlook.com
